AuthorID,AuthorName
1,"Valentine Ortiz"
2,"Aurelio Collier"
3,"Margot Walker"
4,"Kyler Schowalter"
5,"Alexandrine Kertzmann"
6,"Mollie Bartell"
7,"Alyce Smitham"
8,"Dante Thompson"
9,"Eda Bogan"
10,"Vicenta Wiza"
11,"Noemie Hansen"
12,"Jalon Lakin"
13,"Marcia Tillman"
14,"Coty Powlowski"
15,"Jared Davis"
16,"Tillman Mann"
17,"Woodrow Johns"
18,"Jammie Nitzsche"
19,"Ruth Braun"
20,"Verona Schultz"
21,"Alyson Abernathy"
22,"Nakia Fritsch"
23,"Zander Berge"
24,"Hosea Monahan"
25,"Oceane Harber"
26,"Janessa Denesik"
27,"Adolph Huel"
28,"Kailee Schumm"
29,"Selmer Bauch"
30,"Rolando Price"
31,"Ivory Parisian"
32,"Kristofer Ledner"
33,"Shirley Shanahan"
34,"Jovani Schamberger"
35,"Jacinthe Donnelly"
36,"Hosea Hahn"
37,"Ramiro Purdy"
38,"Hipolito Yundt"
39,"Tanner Balistreri"
40,"Marcos Lynch"
41,"Sharon Windler"
42,"Johnny Hilpert"
43,"Lucile Yost"
44,"Cordia Homenick"
45,"Guiseppe Hilpert"
46,"Rick Anderson"
47,"Jazmyne Cruickshank"
48,"Jennings Walter"
49,"Shannon Runolfsson"
50,"Lavonne Maggio"
51,"Colby Nienow"
52,"Audrey Feest"
53,"Joanne Abbott"
54,"Davonte Wilkinson"
55,"Buddy Farrell"
56,"Jody Homenick"
57,"Loma Smith"
58,"Adela Ruecker"
59,"Zoila Jacobs"
60,"Ebony Carroll"
61,"Jermain Runte"
62,"Leonie Crona"
63,"Savanna Cremin"
64,"Norwood Raynor"
65,"Marjory Hills"
66,"Abbie Schamberger"
67,"Petra Deckow"
68,"Eriberto Kreiger"
69,"Heath Collier"
70,"Dave Mann"
71,"Monroe Dietrich"
72,"Dixie Schumm"
73,"Marge Emmerich"
74,"Zelma Ryan"
75,"Thad Feil"
76,"Vincent Reilly"
77,"Xander Rempel"
78,"Corene Fadel"
79,"Cordia Kling"
80,"Julio Jakubowski"
81,"Jammie Lind"
82,"Giovani Ebert"
83,"Sydney Heaney"
84,"Melissa Bauch"
85,"Godfrey Bahringer"
86,"Nichole Kiehn"
87,"Shany Balistreri"
88,"Reta Turner"
89,"Barney Hermiston"
90,"Emory Bogisich"
91,"Marc Fahey"
92,"Rosanna Schiller"
93,"Nia Zieme"
94,"Maxine Zemlak"
95,"Marcia Ullrich"
96,"Tiffany Olson"
97,"Shemar Reynolds"
98,"Stacy Bechtelar"
99,"D'angelo Goyette"
100,"Concepcion Kirlin"
